Palermo;Italy
CagliariCagliari;Italy;
Milan;Italy;
Siena;Italy;
Rimini;Italy;
Pisa;Italy;
Capri;Italy;
Pompei;Italy;
Sorrento;Italy;
Amalfi;Italy;
Bibione;Italy;
San Vito Lo Capo;Italy;
Cavallino-Treporti;Italy;
Lido di Jesolo;Italy;
Tropea;Italy;
Spiaggia dei Conigli;Italy;
Favignana;Italy;
Capo Vaticano;Italy;
Hurghada;Egypt;
Luxor;Egypt;
Fairbanks;Alaska;
Barrow;Alaska;
Anchorage;Alaska;
Atka;Alaska;
Tirana;Albania;
Shkodër;Albania;
Algarve;Portugal;
Algier;Algeria;
Biskra;Algeria;
In Salah;Algeria;
Atigua;Antigua and Barbuda;
Barbuda;Antigua and Barbuda;
Bahía Blanca;Argentina;
Victoria;Argentina;
Mendoza;Argentina;
Sarmiento;Argentina;
Perth;Australia;
Canberra;Australia;
Adelaide;Australia;
Alice Springs;Australia;
Kalgoorlie;Australia;
Hobart;Australia;
Angra do Heroísmo;Azores;
Madeira;Azores;
Bragança;Portugal;
Faro;Portugal;
Manama;Bahrain;
Formentera Island (Spain);Balearic Islands;
Minorca;Balearic Islands;
Ambon;Indonesia;
Maluku Islands;Indonesia;
Balikpapan;Indonesia;
Borneo;Indonesia;
Medan;Indonesia;
Padang;Indonesia;
Ujung Padang;Indonesia;
Dhaka;Bangladesh;
Chittagong;Bangladesh;
Fort-de-France;Martinique;
St. Lucia;South Africa;
Castries;St. Lucia;
Kingstown;Saint Vincent and the Grenadines;
St. George's;Grenada;
Ostend;Belgium;
Belmopan;Belize;
Thimphu;Bhutan;
La Paz;Bolivia;
Gran Chaco;Bolivia;
Manaus;Brazil;
São Francisco do Sul ;Brazil;
Iguatu;Brazil;
Goiania;Brazil;
Recife;Brazil;
Porto Alegre;Brazil;
Varna;Bulgaria;
Plovdiv;Bulgaria;
Punta Arenas;Chile;
Valdivia;Chile;
Astana;Kazakhstan;
Bishkek;Kyrgyzstan;
Naypyidaw;Myanmar;
Xinjiang;China;
Huang He;China;
Manchuria;China;
Chongqing;China;
Wuzhou;China;
Guangzhou;China;
Macau;China;
Mengzi;China;
Managua;Nicaragua;
Antofagasta;Chile;
Punta Arenas;Chile;
Valdivia;Chile;
San José;Costa Rica;
Faroe Islands;Denmark;
Aero Island;Denmark;
Falster;Denmark;
Langeland;Denmark;
Lolland;Denmark;
Jutland;Denmark;
Fanoe;Denmark;
Potsdam;Germany;
Sylt;Germany;
Norderney;Germany;
Sankt Peter-Ording;Germany;
Isernhagen;Germany;
Bremen;Germany;
Nuremberg;Germany;
Hannover;Germany;
Frankfurt;Germany;
Heidelberg;Germany;
Augsburg;Germany;
Neuschwanstein Castle;Germany;
Dresden;Germany;
Wismar;Germany;
Dominica Antilles;;
Tahiti;French Polonesia;
Hispaniola; Greater Antilles;
La Altagracia;Dominican Republic;
El Hierro;Canary Islands;
San Salvador;El Salvador;
Isles of Scilly;England;
Isle of Wight;England;
Portsmouth;England;
Tintagel;England;
Birmingham;England;
Liverpool;England;
Manchester;England;
Stratford-upon-Avon;England;
Warwick;England;
Nottingham;England;
Lincoln;England;
Windsor;Canada;
Windsor;England;
Leamington;England;
Bath;England;
Bristol;England;
Oxford;England;
Gloucester;England;
Chillern Hills;England;
Ridgeway Path;England;
Lake District;England;
Blackpool;England;
Peak District;England;
Chester Plain;England;
Cheshire Plain;England;
Isle of Man;England;
Douglas;England;
Newcastle;England;
Sunderland;England;
York;England;
Northumberland Park;England;
Yorkshire Park;England;
Leeds;England;
Lindisfarne Island;England;
Berwick-upon-Tweed;England;
Cleveland Hills;England;
Durham;England;
Angel of the North;England;
Carlisle;England;
Edinburgh;Scotland;
Glasgow;Scotland;
Galloway;Scotland;
Highlands;Scotland;
Skye;Scotland;
Hebrides;Scotland;
Orkney;Scotland;
Shetland;Scotland;
Isle of Arran;Scotland;
Ayrshire;Scotland;
Dundee;Scotland;
Dumfries;Scotland;
Scottish Borders;Scotland;
St. Andrews;Scotland;
Fife;Scotland;
Glens of Antrim;Northern Ireland;
Glenariff;Northern Ireland;
Causeway Coast;Northern Ireland;
Sperrin Mountains;Northern Ireland;
Armagh;Northern Ireland;
Mourne Mountains;Northern Ireland;
Cork;Ireland;
Wicklow Mountains;Ireland;
County Kerry;Ireland;
Shannon;Ireland;
Donegal;Ireland;
Monaghan;Ireland;
Drumlane;Ireland;
Tullynally Castle;Ireland;
Fore Abbey;Ireland;
Kells;Ireland;
Dundalk;Ireland;
Carlingford;Ireland;
Monasterboice;Ireland;
Drogheda;Ireland;
Boyne Valley;Ireland;
Mellifont Abbey;Ireland;
Hill of Tara;Ireland;
Trim;Ireland;
Athlone;Ireland;
Clonmacnoise;Ireland;
Birr;Ireland;
Tallinn;Estonia;
Tartu;Estonia;
Saaremaa;Estonia;
Pirita;Estonia;
Tórshavn;Faroe Islands;
Suva;Fiji;
Inari;Finland;
Tampere;Finland;
La Savina;Formentera Island (Spain);
Es Pujols;Formentera Island (Spain);
La Mola;Spain;
Cap de Barbaria ;Formentera Island (Spain);
Playa de Ses Illetes ;Formentera Island (Spain);
Platja de Llevant;Formentera Island (Spain);
Es Pujols;Formentera Island (Spain);
Playa Sa Roqueta ;Formentera Island (Spain);
San Fernando;Spain;
Sant Francesc;Formentera Island (Spain);
Playa de Migjorn;Formentera Island (Spain);
Platja de Tramuntana;Formentera Island (Spain);
Es Calo;Formentera Island (Spain);
El Pilar;Formentera Island (Spain);
Almería;Andalusia Spain;
Cándiz;Andalusia Spain;
Córdoba;Andalusia Spain;
Granada;Andalusia Spain;
Huelva;Andalusia Spain;
Jaén;Andalusia Spain;
Málaga;Andalusia Spain;
Seville;Andalusia Spain;
Guadalquivir;Andalusia Spain;
Marco de Jerez;Andalusia Spain GOLF!!;
Condado de Huelva;Andalusia Spain;
Montilla-Moriles;Andalusia Spain;
Costa del Sol;Andalusia Spain;
Costa De La Luz;Andalusia Spain;
Sotogrande;Andalusia Spain GOLF!!;
Nerja;Andalusia Spain;
Almunecar;Andalusia Spain;
Salobrena;Andalusia Spain;
Torremolinos;Andalusia Spain;
Fuengirola;Andalusia Spain;
Ronda;Andalusia Spain;
Los Caños de Meca;Andalusia Spain;
Playa de la Barrosa;Andalusia Spain;
Conil de la Frontera;Andalusia Spain;
Jerez;Andalusia Spain;
Sanlúcar de Barrameda;Andalusia Spain;
Doñana National Park;Andalusia Spain;
Costa Blanca;Spain;
Region of Murcia;Spain;
Alicante;Spain;
Elche;Spain;
Monòver;Spain;
Novelda;Spain;
Torrevieja;Spain;
La Manga;Spain;
Mar Menor;Spain;
Orihuela;Spain;
Benicassim;Spain;
Alcalà de Xivert;Spain;
Alcossebre;Spain;
Castellón de la Plana;Spain;
Morella;Spain;
Oropesa del Mar;Spain;
Peniscola;Spain;
Sant Mateu;Spain;
Vinaros;Spain;
Benidorm;Spain;
Altea;Spain;
Calp;Spain;
Denia;Spain;
Javea;Spain;
Moraira;Spain;
Polop;Spain;
Villajoyosa;Spain;
Valencia;Spain;
Chulila;Spain;
Cullera;Spain;
El Palmar;Spain;
El Saler;Spain;
Gandia;Spain;
Lloret De Mar;Costa Brava Spain;
Blanes;Costa Brava Spain;
Cadaques;Costa Brava Spain;
Cap De Creus;Costa Brava Spain;
El Port de la Selva;Costa Brava Spain;
Llanca;Costa Brava Spain;
Figueres;Costa Brava Spain;
Girona;Costa Brava Spain;
L`Escala;Costa Brava Spain;
L`Estartit;Costa Brava Spain;
San Pere Pescador;Costa Brava Spain;
Torroella De Montgri;Costa Brava Spain;
Palafrugell;Costa Brava Spain;
Callella De Palafrugell;Costa Brava Spain;
Llafranc;Costa Brava Spain;
Tamariu;Costa Brava Spain;
Begur;Costa Brava Spain;
La Bisbal D`Emporda;Costa Brava Spain;
Madremanya;Costa Brava Spain;
Palamos;Costa Brava Spain;
Pals;Costa Brava Spain;
Peralada;Costa Brava Spain;
Santuari Dels Angels;Costa Brava Spain;
Ullastret;Costa Brava Spain;
Roses;Costa Brava Spain;
Castello D`Empuries;Costa Brava Spain;
Empuriabrava;Costa Brava Spain;
Natural Park of the Aiguamolls de l'Empordà;Costa Brava Spain;
Sant Feliu de Guixols;Costa Brava Spain;
Platja D´Aro;Costa Brava Spain;
S'agaro;Costa Brava Spain;
Tossa De Mar;Costa Brava Spain;
Serra de l'Albera Natural Park;Costa Brava Spain;
Valverde;El Hierro Canarias;
Restinga;El Hierro Canarias;
El Pinar;Canary Islands;
El Sabinar;Canary Islands;
Faro de Orchilla;El Hierro Canarias;
El Golfo Valley;El Hierro Canarias;
Puerto del Rosario;Fuerteventura ;
Caleta de Fuste;Fuerteventura ;
Gran Tarajal;Spain;
La Lajita;Spain;
Costa Calma;Fuerteventura ;
Morro Jable;Fuerteventura ;
Bahía Feliz;Gran Canaria;
Playa del Inglés;Gran Canaria;
Playa de Taurito;Gran Canaria;
Maspalomas;Gran Canaria;
San Agustin;Gran Canaria;
Puerto Rico;Gran Canaria;
Las Palmas;Gran Canaria;
Teror;Gran Canaria;
Agaete;Gran Canaria;
Casa De Colon;Gran Canaria;
Puerto de Mogan;Gran Canaria;
Eivissa;Ibiza Spain;
Sant Antoni;Ibiza Spain;
Cala Blanca;Ibiza Spain;
Es Figueral;Ibiza Spain;
Santa Eulalia;Ibiza Spain;
Sant Josep;Ibiza Spain;
Sant Joan;Ibiza Spain;
La Marina;Ibiza Spain;
Sa Talaiassa;Ibiza Spain;
San Carlos;Ibiza Spain;
Illa de Tagomago;Ibiza Spain;
Punta Grossa;Ibiza Spain;
Portinatx;Ibiza Spain;
Sant Gertrudis;Ibiza Spain;
Sant Llorenc des Cardassar ;Ibiza Spain;
Puig d'en Valls;Ibiza Spain;
San Rafael de Forca;Ibiza Spain;
Santiago De Compostela;Camino de Santiago ;
Cape Finisterre;Camino de Santiago ;
Somport;Camino de Santiago ;
Roncesvalles;Camino de Santiago ;
French Way;Camino de Santiago ;
Saint-Jean-Pied-de-Port;Camino de Santiago ;
Rioja;Camino de Santiago ;
Leon;Camino de Santiago ;
Galicia;Camino de Santiago ;
Camino Aragonés;Camino de Santiago ;
Canfranc;Camino de Santiago ;
Tbilisi;Georgia;
Gibraltar;Spain;
Corfu;Greece;
Thessaloniki;Greece;
Crete;Greece;
Ionian Islands;Greece;
Naxos;Greece;
Delphi;Greece;
Pineios;Greece;
Mount Athos;Greece;
Rhodes;Greece;
Santorini;Greece;
Attica;Greece;
Ionian Islands;Greece;
Chalkidiki;Greece;
Sporades;Greece;
Peloponnese;Greece;
Pelion;Greece;
Thrace;Greece;
Epirus;Greece;
Thessaly;Greece;
Evia;Greece;
Boeotia;Greece;
Phocis;Greece;
Locris;Greece;
Aetolia;Greece;
Arcadia;Greece;
Saronic Islands;Greece;
Argolis;Greece;
Argos;Greece;
Heraion;Greece;
Archaia Nemea;Greece;
Poros;Greece;
Hydra;Greece;
Spetses;Greece;
Arta;Greece;
Preveza;Greece;
Nikopolis;Greece;
Edessa;Greece;
Epidaurus;Greece;
Igoumenitsa;Greece;
Ioannina;Greece;
Metsovo;Greece;
Kalamata;Greece;
Messene;Greece;
Koroni;Greece;
Kastoria;Greece;
Kavala;Greece;
Sicyon;Greece;
Nemea;Greece;
Kechries;Greece;
Mani Peninsula;Greece;
Marathon;Greece;
Kalambaka;Greece;
Kastraki;Greece;
Monemvasia;Greece;
Mycenae;Greece;
Sparta;Greece;
Nafplio;Greece;
Piraeus;Greece;
Olympia;Greece;
Patras;Greece;
Tripolis;Greece;
Megalopolis;Greece;
Amorgos Island;Greece;
Andros Island;Greece;
Chios Island;Greece;
Delos Island;Greece;
Icaria Island;Greece;
Ios Island;Greece;
Karpathos Island;Greece;
Kastellorizo Island;Greece;
Kea Island;Greece;
Kos Island;Greece;
Lesbos;Greece;
Lemnos;Greece;
Milos;Greece;
Paros;Greece;
Patmos;Greece;
Rhodes;Greece;
Samos;Greece;
Samothraki;Greece;
Serifos;Greece;
Skiathos;Greece;
Skyros;Greece;
Syros;Greece;
Thassos;Greece;
Tinos;Greece;
Qaanaaq;Greenland;
Baffin Bay;Greenland;
Nuuk;Greenland;
Antigua Guatemala;Guatemala;
Livingston;Guatemala;
Quetzaltenango;Guatemala;
Chichicastenango;Guatemala;
Georgetown;Guyana;
Pepeekeo;Hawaii;
Vlissingen;Netherlands;
Utrecht;Netherlands;
Bwindi Impenetrable National Park;Uganda;
Durban;South Africa;
Pretoria;South Africa;
Port Elizabeth;South Africa;
Bloemfontein;South Africa;
Pietermaritzburg;South Africa;
Knysna;South Africa;
George;South Africa;
Polokwane;South Africa;
Hermanus;South Africa;
Plettenberg Bay;South Africa;
Windhoek;Namibia;
Walvis Bay;Namibia;
Henties Bay;Namibia;
Swakopmund;Namibia;
Lüderitz;Namibia;
Mahango Game Park;Namibia;
Keetmanshoop;Namibia;
Etosha Pan;Namibia;
Otjiwarongo;Namibia;
Maseru;Lesotho;
Tse’hlanyane National Park;Lesotho;
Katse Dam;Lesotho;
Gaborone;Botswana;
Kgalagadi Transfrontier Park;Botswana;
Maun;Botswana;
Bulawayo;Zimbabwe;
Harare;Zimbabwe;
Maputo;Mozambique;
Vilanculos;Mozambique;
Quirimbas Islands;Mozambique;
Bazaruto Archipelago;Mozambique;
Nacala;Mozambique;
Luanda;Angola;
Kissama;Angola;
Benguela;Angola;
Maiombe Forest;Angola;
Lobito;Angola;
Huambo;Angola;
Malanje;Angola;
Lusaka;Zambia;
Chipata City;Zambia;
South Luangwa National Park;Zambia;
Lower Zambezi River;Zambia;
Kasaba Bay ;Zambia;
Lilongwe;Malawi;
Blantyre;Malawi;
 Zomba;Malawi;
Mzuzu;Malawi;
Dodoma;Tanzania;
Mwanza;Tanzania;
Kigoma;Tanzania;
Mpwapwa;Tanzania;
The Selous;Tanzania;
Shinyanga;Tanzania;
Karatu;Tanzania;
Arusha;Tanzania;
 Serengeti National Park;The Democratic Republic of the Congo;
Kigali;Rwanda;
Butare;Rwanda;
Gisenyi;Rwanda;
Ruhengeri;Rwanda;
Gitarama;Rwanda;
Kibuye;Rwanda;
Rwamagana;Rwanda;
Cyangugu;Rwanda;
Byumba;Rwanda;
Nyagatare;Rwanda;
Nyanza;Rwanda;
Murambi;Rwanda;
Kibeho;Rwanda;
Bujumbura;Burundi;
Gitega;Burundi;
Kirundo;Burundi;
Muyinga;Burundi;
Ngozi;Burundi;
Ruyigi;Burundi;
Kayanza;Burundi;
Bururi;Burundi;
Rutana;Burundi;
Muramvya;Burundi;
Makamba;Burundi;
Lubumbashi;The Democratic Republic of the Congo;
Mbuji-Mayi;The Democratic Republic of the Congo;
Kananga;The Democratic Republic of the Congo;
Kisangani;The Democratic Republic of the Congo;
Bukavu;The Democratic Republic of the Congo;
Tshikapa;The Democratic Republic of the Congo;
Kolwezi;The Democratic Republic of the Congo;
Likasi;The Democratic Republic of the Congo;
Goma;The Democratic Republic of the Congo;
Kikwit;The Democratic Republic of the Congo;
Uvira;The Democratic Republic of the Congo;
Bunia;The Democratic Republic of the Congo;
Mbandaka;The Democratic Republic of the Congo;
Matadi;The Democratic Republic of the Congo;
Brazzaville;The Republic of Congo;
Abala-Ndolo;The Republic of Congo;
Djambala;The Republic of Congo;
Dolisie;The Republic of Congo;
Kayes;The Republic of Congo;
Kinkala;The Republic of Congo;
Madingo-Kayes;The Republic of Congo;
Mossendjo;The Republic of Congo;
Ouésso;The Republic of Congo;
Owando;The Republic of Congo;
Pointe Noire;The Republic of Congo;
Libreville  ;Gabon;
Port-Gentil;Gabon;
Oyem;Gabon;
Franceville;Gabon;
Moanda;Gabon;
Mouila;Gabon;
Tchibanga;Gabon;
Koulamoutou;Gabon;
Makokou;Gabon;
Lambaréné;Gabon;
Malabo;Equatorial Guinea;
Bata;Equatorial Guinea;
Ebebiyin;Equatorial Guinea;
Aconibe;Equatorial Guinea;
Luba;Equatorial Guinea;
Evinayong;Equatorial Guinea;
Mongomo;Equatorial Guinea;
Mikomeseng;Equatorial Guinea;
Rebola;Equatorial Guinea;
Añisoc;Equatorial Guinea;
Naivasha;Kenya;
Machakos;Kenya;
Nyeri;Kenya;
Lamu;Kenya;
Malindi;Kenya;
Eldoret;Kenya;
Nakuru;Kenya;
Kisumu;Kenya;
Mombasa;Kenya;
Nairobi;Kenya;
Kampala;Uganda;
Gulu;Uganda;
Lira;Uganda;
Mbarara;Uganda;
Jinja;Uganda;
Bwizibwera;Uganda;
Mbale;Uganda;
Mukono;Uganda;
Kasese;Uganda;
Masaka;Uganda;
Douala;Cameroon;
Yaoundé;Cameroon;
Limbe;Cameroon;
Kribi;Cameroon;
Garoua;Cameroon;
Bamenda;Cameroon;
Foumban;Cameroon;
Bafoussam;Cameroon;
Ngaoundéré;Cameroon;
Maroua;Cameroon;
Mbalmayo;Cameroon;
Buea;Cameroon;
Dschang;Cameroon;
Kumba;Cameroon;
Ebolowa;Cameroon;
Nkongsamba;Cameroon;
Bangangté;Cameroon;
Tiko;Cameroon;
Edéa;Cameroon;
Bandjoun;Cameroon;
Mamfe;Cameroon;
Kousséri;Cameroon;
Kumbo;Cameroon;
Bangui;Central African Republic;
Nola;Central African Republic;
Boali;Central African Republic;
Berbérati;Central African Republic;
Bouar;Central African Republic;
Bangassou;Central African Republic;
Bria;Central African Republic;
Bambari;Central African Republic;
Bozoum;Central African Republic;
Birao;Central African Republic;
Carnot;Central African Republic;
Bouca;Central African Republic;
Paoua;Central African Republic;
N'Délé;Central African Republic;
Alindao;Central African Republic;
Ouadda;Central African Republic;
Kabo;Central African Republic;
Obo;Central African Republic;
Bocaranga;Central African Republic;
Bobangui;Central African Republic;
Juba;South Sudan;
Wau;South Sudan;
Malakal;South Sudan;
Yei;South Sudan;
Yambio;South Sudan;
Aweil;South Sudan;
Bentiu;South Sudan;
Bor;South Sudan;
Kapoeta;South Sudan;
Kodok;South Sudan;
Yirol;South Sudan;
Kuajok;South Sudan;
Maridi;South Sudan;
Narus;South Sudan;
Gondokoro;South Sudan;
Yida;South Sudan;
Awosaa;Ethiopia;
Bahir Daar;Ethiopia;
Axum;Ethiopia;
MeQlei;Ethiopia;
Debre' Zeit;Ethiopia;
Nazreit;Ethiopia;
Dillaa;Ethiopia;
Debre' Berrhaan ;Ethiopia;
Jimma;Ethiopia;
De'sie;Ethiopia;
Addis Ababa;Ethiopia;
Bahir Dar;Ethiopia;
Lalibela;Ethiopia;
Gondar;Ethiopia;
Harar;Ethiopia;
Dire Dawa;Ethiopia;
Adama;Ethiopia;
Mek'ele;Ethiopia;
Awasa;Ethiopia;
Adigrat;Ethiopia;
Bishoftu;Ethiopia;
Jijiga;Ethiopia;
Nekemte;Ethiopia;
Dessie;Ethiopia;
Debre Marqos;Ethiopia;
Shashamane;Ethiopia;
Arba Minch;Ethiopia;
Soweto;South Africa;
Khayelitsha;South Africa;
iBhayi;South Africa;
Jeffreysbay;South Africa;
East London;South Africa;
Togdheer;Somalia;
Nugaal;Somalia;
Bari;Somalia;
Sanaag;Somalia;
Mudug;Somalia;
Hammanskraal;South Africa;
Mogadishu;Somalia;
Somaliland;Somalia;
Hargeisa;Somalia;
Burao;Somalia;
Bosaso;Somalia;
Djibouti ;Djibouti;
Obock;Djibouti;
Asmara;Eritrea;
Massawa;Eritrea;
 Tessenei;Eritrea;
The Sahel;Eritrea;
Khartoum;Sudan;
Meroe Pyramids;Sudan;
Port Sudan;Sudan;
Atbara;Sudan;
Karima;Sudan;
Dongola;Sudan;
Wadi Halfa;Sudan;
N'Djamena;Chad;
Niamey;Niger;
Agadez;Niger;
Zinder;Niger;
Balleyara Market;Niger;
Diffa;Niger;
Cotonou;Benin;
Parakou;Benin;
Grand Popo;Benin;
Abomey;Benin;
Ganvie;Benin;
Abuja;Nigeria;
Calabar;Nigeria;
Lagos;Nigeria;
Uyo;Nigeria;
Kara ;Togo;
Lomé;Togo;
Kpalime;Togo;
Accra;Ghana;
Kumasi;Ghana;
The Volta Region;Ghana;
Koforidua;Ghana;
Cape Coast;Ghana;
Sekondi-Takoradi;Ghana;
Tamale;Ghana;
Ouagadougou;Burkino Faso;
Bobo-Dioulasso;Burkino Faso;
Banfora;Burkino Faso;
Abidjan;Côte d'Ivoire;
Yamoussoukro;Côte d'Ivoire;
San Pedro;Côte d'Ivoire;
Bouaké;Côte d'Ivoire;
Monorovia;Liberia;
Robertsport;Liberia;
Paynesville;Liberia;
Providence Island;Liberia;
Mount Nimba Strict Nature Reserve;Guinea;
Conakry;Guinea;
Kankan;Guinea;
Bissau;Guinea-Bissau;
Bafatá;Guinea-Bissau;
Bubaque ;Guinea-Bissau;
Gabú ;Guinea-Bissau;
Banjul;The Gambia;
Dakar;Senegal;
Saint-Louis;Senegal;
Nouakchott;Mauritania;
Ouadâne;Mauritania;
Chinguetti;Mauritania;
Bamako;Mali;
Mopti;Mali;
Ségou;Mali;
Sikasso;Mali;
Timbuktu;Mali;
Falso Cabo Blanco;Western Sahara;
Laâyoune;Western Sahara;
Dakhla;Western Sahara;
Marrakesh;Morocco;
Tangier;Morocco;
Agadir;Morocco;
Rabat;Morocco;
Meknès;Morocco;
Tetouan;Morocco;
Oujda;Morocco;
Casablanca;Morocco;
Sidi Ifni;Morocco;
Safi;Morocco;
Algiers;Algeria;
Oran;Algeria;
Annaba;Algeria;
Tamanrasset;Algeria;
Ghardaïa;Algeria;
Tlemcen;Algeria;
Constantine;Algeria;
El Oued;Algeria;
Setif;Algeria;
Djanet;Algeria;
Tipaza;Algeria;
Mostaganem;Algeria;
Tunis;Tunisia;
Bizerte;Tunisia;
Tozeur;Tunisia;
Sousse;Tunisia;
Sfax;Tunisia;
Kairouan;Tunisia;
Douz;Tunisia;
Tabarka;Tunisia;
Carthage;Tunisia;
Mahdia;Tunisia;
Djerba;Tunisia;
Monastir;Tunisia;
Tripoli;Libya;
Benghazi;Libya;
Cairo;Egypt;
Alexandria;Egypt;
Hurghada;Egypt;
Luxor;Egypt;
Aswan;Egypt;
Siwa Oasis;Egypt;
Port Said;Egypt;
Asyut;Egypt;
Ismailia;Egypt;
Suez;Egypt;
Marsa Matrouh;Egypt;
Minya;Egypt;
Al-Qusayr;Egypt;
Socotra Island;Yemen;
Al-Qusayr;Egypt;
Socotra Island;Yemen;
Sana'a;Yemen;
Zab?d;Yemen;
Amman;Jordan;
Jerash   Jarash;Jordan;
 Cappadocia;Turkey;
Hammamat Ma’in;Jordan;
Aqaba;Jordan;
Madame;Jordan;
Beirut;Lebanon;
Baalbek;Lebanon;
Zahlé;Lebanon;
Byblos (Jbail);Lebanon;
Riyadh;Saudi Arabia;
Abha;Saudi Arabia;
Taif;Saudi Arabia;
Jeddah;Saudi Arabia;
Mecca;Saudi Arabia;
Tabuk;Saudi Arabia;
Yanbu;Saudi Arabia;
Jizan;Saudi Arabia;
Dammam;Saudi Arabia;
Najran;Saudi Arabia;
Istanbul;Turkey;
Bursa;Turkey;
Edirne;Turkey;
Kusadasi;Turkey;
?zmir;Turkey;
Antalya;Turkey;
Ankara;Turkey;
Göreme;Turkey;
Alanya;Turkey;
Bodrum;Turkey;
Fethiye;Turkey;
Cappadocia;Turkey;
Pamukkale Water Terraces;Turkey;
Mycra Necropolis;Turkey;
Gamirasu Cave Hotel;Turkey;
Tbilisi ;Georgia;
Akhaltsikhe ;Georgia;
Batumi ;Georgia;
Borjomi ;Georgia;
Gori;Georgia;
Kutaisi ;Georgia;
Mtskheta ;Georgia;
Sukhumi ;Georgia;
Telavi ;Georgia;
Yerevan;Armenia;
Gyumri;Armenia;
Goris;Armenia;
Vanadzor;Armenia;
Yeghegnadzor;Armenia;
Dilijan;Armenia;
Sevan;Armenia;
Ijevan;Armenia;
Kapan;Armenia;
Tsaghkadzor;Armenia;
Karahunge;Armenia;
Goris;Armenia;
Khndzoresk;Armenia;
Wings of Tatev;Armenia;
Baku;Azerbaijan;
Naxçivan City;Azerbaijan;
Zaqatala;Azerbaijan;
Quba;Azerbaijan;
Qax;Azerbaijan;
?smay?ll?;Azerbaijan;
??mkir;Azerbaijan;
Musical Stone of Gobustan;Azerbaijan;
Bottle House of Ganja;Azerbaijan;
Akna;Azerbaijan;
The Gates of Hell;Turkmenistan;
Ashgabat;Turkmenistan;
Geok-Tepe;Turkmenistan;
Mary;Turkmenistan;
Turkmenabat;Turkmenistan;
Kabul;Afganistan;
Kunduz;Afganistan;
Herat;Afganistan;
Shangri-La Lake;Pakistan;
Lahore;Pakistan;
Karachi;Pakistan;
Gilgit Town;Pakistan;
Peshawar;Pakistan;
Quetta;Pakistan;
Multan;Pakistan;
Chitral Town;Pakistan;
Bahawalpur;Pakistan;
Hyderabad;Pakistan;
Murree;Pakistan;
Dushanbe;Tajikistan;
Khujand;Tajikistan;
Sarez Lake;Tajikistan;
Andijon;Uzbekistan;
Tashkent;Uzbekistan;
Ulugnor District;Uzbekistan;
Aralsk;Kazakhstan;
Almaty;Kazakhstan;
Shymkent;Kazakhstan;
Aktau;Kazakhstan;
Atyrau;Kazakhstan;
Taraz;Kazakhstan;
Kaindy Lake;Kazakhstan;
Baikonur;Kazakhstan;
Bishkek;Kyrgyzstan;
Osh;Kyrgyzstan;
Karakol;Kyrgyzstan;
Kochkor;Kyrgyzstan;
Naryn;Kyrgyzstan;
Cholpon-Ata;Kyrgyzstan;
Kazarman;Kyrgyzstan;
Batken;Kyrgyzstan;
Jalal-Abad;Kyrgyzstan;
Ak-Su;Kyrgyzstan;
Delhi;India;
Ziro;India;
Mumbai (Bombay);India;
Shillong;India;
Jaipur;India;
Kolkata;India;
Leh;India;
Hyderabad;India;
Udaipur;India;
Varanasi;India;
Agra;India;
Chandigarh;India;
Panaji;India;
Sosan;India;
Goa;India;
New Delhi;India;
Kandy;Sri Lanka;
Colombo;Sri Lanka;
Jaffna;Sri Lanka;
Galle;Sri Lanka;
Anuradhapura;Sri Lanka;
Polonnaruwa;Sri Lanka;
Nuwara Eliya;Sri Lanka;
Batticaloa;Sri Lanka;
Negombo;Sri Lanka;
Unawatuna;Sri Lanka;
Manali;India;
Kathmandu;Nepal;
Namche;Nepal;
Patan;Nepal;
Muchu;Nepal;
Bhaktapur;Nepal;
Janakpur;Nepal;
Kirtipur;Nepal;
Biratnagar;Nepal;
Butwal;Nepal;
Jumla;Nepal;
Thimphu;Bhutan;
Paro;Bhutan;
Jakar;Bhutan;
Phuentsholing;Bhutan;
Trashigang;Bhutan;
Mongar;Bhutan;
Trongsa;Bhutan;
Wangdue Phondrang;Bhutan;
Punakha;Bhutan;
Bumthang;Bhutan;
Cap-Haitien;Haiti;
Dhaka;Bangladesh;
Chittagong;Bangladesh;
Sylhet;Bangladesh;
Rajshahi;Bangladesh;
Cox's Bazar;Bangladesh;
Khulna;Bangladesh;
Rangpur;Bangladesh;
Bandarban;Bangladesh;
Mymensingh;Bangladesh;
Barisal;Bangladesh;
Nagaland;India;
Meghalaya;India;
Tripura;India;
Mizoram;India;
Assam;India;
Arunachal Pradesh;India;
Yangon;Myanmar (Burma);
Mandalay;Myanmar (Burma);
Pyin Oo Lwin;Myanmar (Burma);
Taunggyi;Myanmar (Burma);
Kalaw;Myanmar (Burma);
Mawlamyine;Myanmar (Burma);
Old Bagan;Myanmar (Burma);
Mrauk U;Myanmar (Burma);
Sittwe;Myanmar (Burma);
Hpa-an;Myanmar (Burma);
Bagan;Myanmar (Burma);
Naypyidaw;Myanmar (Burma);
Bangkok;Thailand;
Chiang Mai;Thailand;
Krabi Town;Thailand;
Phuket Town;Thailand;
Pattaya;Thailand;
Surat Thani;Thailand;
Chiang Rai;Thailand;
Hua Hin;Thailand;
Hat Patong;Thailand;
Khon Kaen;Thailand;
Kanchanaburi;Thailand;
Sukhothai;Thailand;
Nong Kai;Thailand;
Phetchaburi;Thailand;
Pai;Thailand;
Vientiane;Laos;
Luang Prabang;Laos;
Pakse;Laos;
Vang Vieng;Laos;
Savannakhet;Laos;
Luang Namtha;Laos;
Huay Xai;Laos;
Tha Khaek;Laos;
Phonsavan;Laos;
Udomxai;Laos;
Phnom Penh;Cambodia;
Siem Reap;Cambodia;
Sinhanoukville;Cambodia;
Battambang;Cambodia;
Kampot;Cambodia;
Koh Kong City;Cambodia;
Sen Monorom;Cambodia;
Ban Lung;Cambodia;
Kep;Cambodia;
Pursat;Cambodia;
Chi Phat;Cambodia;
Ho Chi Minh City;Vietnam;
Hanoi;Vietnam;
Hoi An;Vietnam;
Nha Trang;Vietnam;
Hue;Vietnam;
Dalat;Vietnam;
Danang;Vietnam;
Sapa;Vietnam;
Can Tho;Vietnam;
Vung Tau;Vietnam;
Bai Tu Long;Vietnam;
Cham Island;Vietnam;
My Son;Vietnam;
Kon Plong;Vietnam;
Ulaanbaatar;Mongolia;
Ulaangom;Mongolia;
Mörön;Mongolia;
Erdenet;Mongolia;
Choibalsan;Mongolia;
Khovd City;Mongolia;
Tsetserleg;Mongolia;
Bayankhongor;Mongolia;
Altai;Mongolia;
Bulgan City;Mongolia;
Arvaikheer;Mongolia;
Choir;Mongolia;
Kharkhorin;Mongolia;
Khovd;Mongolia;
Sainshand;Mongolia;
Ulgii;Mongolia;
Zamiin-Uud;Mongolia;
Pyongyang;North Korea;
Paekdusan;North Korea;
Chilbosan;North Korea;
Mangyongdae ;North Korea;
Hamhung;North Korea;
Seoul;South Korea;
Busan;South Korea;
Jeju-si;South Korea;
Gwangju;South Korea;
Daegu;South Korea;
Seogwipo;South Korea;
Incheon;South Korea;
Jeonju;South Korea;
Chuncheon;South Korea;
Daejeon;South Korea;
Seonyudo;South Korea;
Ulleungdo;South Korea;
Gyeongju;South Korea;
Tokyo;Japan;
Kyoto;Japan;
Osaka;Japan;
Sapporo;Japan;
Takayama;Japan;
Yokohama;Japan;
Nara;Japan;
Beppu;Japan;
Hiroshima;Japan;
Kamakura;Japan;
Datong;China;
Zhangjiajie;China;
Shanghai;China;
Suzhou;China;
Shangli;China;
Foshan;China;
Xi'an;China;
Panyu;China;
Kaiping;China;
Meijiawu;China;
Hangzhou;China;
Zarechny;Russia;
Moscow;Russia;
Vladivostok;Russia;
Irkutsk;Russia;
Kaliningrad;Russia;
Murmansk;Russia;
Tomsk;Russia;
Khabarovsk;Russia;
Ulan-Ude;Russia;
Sochi;Russia;
Pskov & Pechory;Russia;
Novgorod;Russia;
Yekaterinburg;Russia;
Suzdal;Russia;
Vladimir;Russia;
Karelia;Russia;
Kazan;Russia;
Volgograd;Russia;
Samara;Russia;
Krasnoyarsk;Russia;
Turgoyak;Russia;
Petrozavodsk;Russia;
Kola Peninsula;Russia;
Omsk;Russia;
Taitung;Taiwan;
Hualien;Taiwan;
Taichung;Taiwan;
Makung;Taiwan;
Tamsui;Taiwan;
Beitou;Taiwan;
Chiayi;Taiwan;
Taipei;Taiwan;
Kaohsiung;Taiwan;
Tainan;Taiwan;
Rainbow Family Filliage;Taiwan;
Manila;Philippines;
Cebu City;Philippines;
Iloilo;Philippines;
Puerto Galera;Philippines;
Puerto Princesa;Philippines;
Dumaguete;Philippines;
Baguio;Philippines;
Bacolod;Philippines;
Davao;Philippines;
El Nido;Philippines;
Marikina;Philippines;
LAS PIÑAS CITY;Philippines;
Ursula Island;Philippines;
"Luli Island; Palawan";Philippines;
Siquijor;Philippines;
Antique;Philippines;
Siargao;Philippines;
Polilio Island;Philippines;
Apo Reef;Philippines;
"Subic Island; Sorsogon";Philippines;
Fortune Island;Philippines;
"Burias Island; Masbate";Philippines;
"Alibijaban; Quezon Province";Philippines;
Gigantes Island;Philippines;
"Onuk Island; Palawan";Philippines;
"Bulalacao; Oriental Mindoro";Philippines;
"Buscalan; Kalinga";Philippines;
Kuala Lumpur;Malaysia;
Kuching;Malaysia;
George Town;Malaysia;
Kota Kinabalu;Malaysia;
Melaka City;Malaysia;
Miri;Malaysia;
Johor Bahru;Malaysia;
Ipoh;Malaysia;
Kota Bharu;Malaysia;
Kuala Terengganu;Malaysia;
The Perhentian Islands;Malaysia;
Kapas Island;Malaysia;
Kuantan;Malaysia;
Pekan;Malaysia;
Tasik Chini;Malaysia;
Semporna;Malaysia;
Ubud;Indonesia;
Jakarta;Indonesia;
Kuta & Legian;Indonesia;
Seminyak;Indonesia;
Yogyakarta;Indonesia;
Denpasar;Indonesia;
Sanur;Indonesia;
Bandung;Indonesia;
Gili Trawangan;Indonesia;
Solo (Surakarta);Indonesia;
Port Moresby;Papa New Guinea;
Lae;Papa New Guinea;
Madang;Papa New Guinea;
Alotau;Papa New Guinea;
Kokopo;Papa New Guinea;
Alotau;Papa New Guinea;
Kokopo;Papa New Guinea;
Wewak;Papa New Guinea;
Kavieng;Papa New Guinea;
Goroka;Papa New Guinea;
Rabaul;Papa New Guinea;
Buka;Papa New Guinea;
Honiara;Solomon Island;
Gizo;Solomon Island;
Tutuila;American Samoa;
Manu'a Islands;American Samoa;
Ofu & Olosega;American Samoa;
Apia;Somoa;
Taga;Somoa;
Nukunonu;Tokelau;
Atafu;Tokelau;
Sydney;Australia;
Melbourne;Australia;
Perth;Australia;
Coober Pedy;Australia;
Brisbane;Australia;
Adelaide;Australia;
Cairns;Australia;
Hobart;Australia;
Canberra;Australia;
Darwin;Australia;
Alice Springs;Australia;
Auckland;New Zealand;
Wellington;New Zealand;
Queenstown;New Zealand;
Christchurch;New Zealand;
Rotorua;New Zealand;
Dunedin;New Zealand;
Taupo;New Zealand;
Tauranga;New Zealand;
Napier;New Zealand;
Nelson;New Zealand;
Grande Terre;New Caledonia;
Noumea;New Caledonia;
Loyalty Islands;New Caledonia;
Lifou;New Caledonia;
Île des Pins;New Caledonia;
Ouvéa;New Caledonia;
The Far South;New Caledonia;
Northeast Coast;New Caledonia;
Maré;New Caledonia;
La Foa & Around;New Caledonia;
Lakatoro;Vanuatu;
Port Vila;Vanuatu;
White Sands;Vanuatu;
Nadi;Fiji;
Suva;Fiji;
Levuka;Fiji;
Lautoka;Fiji;
Ba;Fiji;
Futuna & Alofi;Wallis & Futuna;
Southwest Rock;Wallis & Futuna;
Futuna Archipelago;Wallis & Futuna;
Circonscription d’Alo;Wallis & Futuna;
Mua;Wallis & Futuna;
Les Deux Lions;Wallis & Futuna;
Mamalon Vert;Wallis & Futuna;
Mua Anchorage;Wallis & Futuna;
Sommet des Pyramides;Wallis & Futuna;
Pointe d’Alo;Wallis & Futuna;
Avarua;Cook Islands;
Tahiti;French Polynesia;
Mo'orea;French Polynesia;
The Taumotus;French Polynesia;
The Marquesas;French Polynesia;
Bora Bora;French Polynesia;
Pape'ete;French Polynesia;
Ra'iatea & Taha'a;French Polynesia;
Huahine;French Polynesia;
Rangiroa;French Polynesia;
Ra'iatea;French Polynesia;
Uturoa;French Polynesia;
 Paradise Harbor;Antarctica;
South Shetlands Islands;Antarctica;
Pohnpei;Federated States of Micronesia;
Lele;Federated States of Micronesia;
Moen;Federated States of Micronesia;
Chuuk;Federated States of Micronesia;
Yap;Federated States of Micronesia;
Kosrae;Federated States of Micronesia;
Saipan;Northern Mariana Islands;
Rota;Northern Mariana Islands;
Guam;Federated States of Micronesia;
Nauru;Federated States of Micronesia;
Majuro;Marshall Islands;
Kwajalein;Marshall Islands;
Gilbert Islands;Kiribati;
Line Islands;Kiribati;
Phoenix Islands;Kiribati;
Rarotonga;Cook Islands;
Aitutaki;Cook Islands;
Honolulu;Hawaii;
Kahuku;Hawaii;
Kailua;Hawaii;
Lihue;Hawaii;
Lahaina;Hawaii;
Wailuku;Hawaii;
Hilo;Hawaii;
Kailua-Kona;Hawaii;
Waikiki;Hawaii;
Juneau;Alaska;
Anchorage;Alaska;
Barrow;Alaska;
Deadhorse;Alaska;
Dutch Harbor-Unalaska;Alaska;
Fairbanks;Alaska;
Homer;Alaska;
Ketchikan;Alaska;
Kodiak;Alaska;
Kotzebue;Alaska;
Québec City;Canada;
Ottawa;Canada;
Calgary;Canada;
Halifax;Canada;
Banff Town;Canada;
Victoria;Canada;
Whitehorse;Canada;
Magdalen Islands;Canada;
Manitoulin Island;Canada;
Antigonish County;Canada;
Shediac;Canada;
Yellowknife;Canada;
Akureyri;Iceland;
Ísafjörður;Iceland;
 Heimaey;Iceland;
Húsavík;Iceland;
Egilsstaðir;Iceland;
Höfn;Iceland;
Stykkishólmur;Iceland;
Borgarnes;Iceland;
Seyðisfjörður;Iceland;
Vestmannaeyjar;Iceland;
Selfoss;Iceland;
Keflavik;Iceland;
Hafnarfjörður ;Iceland;
Ilulissat Town;Greenland;
Sisimiut;Greenland;
Upernavik;Greenland;
Nord;Greenland;
Paamiut;Greenland;
Kangerlussuaq ;Greenland;
Maniitsoq;Greenland;
Uummannaq;Greenland;
Ilulissat ;Greenland;
Qeqertarsuaq;Greenland;
Qasigiannguit;Greenland;
Aasiaat ;Greenland;
Kangaatsiaq;Greenland;
Narsarsuaq;Greenland;
Narsaq;Greenland;
Qaqortoq ;Greenland;
Nanortalik;Greenland;
Alluitsup Paa;Greenland;
Eqalugaarsuit;Greenland;
Igaliku;Greenland;
Tasiilaq ;Greenland;
Kulusuk;Greenland;
Svalbard;Norway;
Oslo;Norway;
Bergen;Norway;
Tromsø;Norway;
Trondheim;Norway;
Stavanger;Norway;
Ålesund;Norway;
Kristiansand;Norway;
Bodø;Norway;
Fredrikstad;Norway;
Kristiansund;Norway;
Göteborg;Sweden;
Malmö;Sweden;
Uppsala;Sweden;
Lund;Sweden;
Visby;Sweden;
Helsingborg;Sweden;
Norrköping;Sweden;
Östersund;Sweden;
Linköping;Sweden;
Sigtuna;Sweden;
Västerås;Sweden;
Växjö;Sweden;
Jönköping;Sweden;
Kiruna;Sweden;
Luleå;Sweden;
Umeå;Sweden;
Örebro;Sweden;
Helsinki;Finland;
Tampere;Finland;
Turku;Finland;
Rovaniemi;Finland;
Mariehamn;Finland;
Oulu;Finland;
Vaasa;Finland;
Savonlinna;Finland;
Kuopio;Finland;
Lappeenranta;Finland;
Hämeenlinna;Finland;
Jyväskylä;Finland;
Seinäjoki ;Finland;
Turku;Finland;
Talinn;Estonia;
Tartu;Estonia;
Pärnu;Estonia;
Kuressaare;Estonia;
Haapsalu;Estonia;
Viljandi;Estonia;
Võru;Estonia;
Kärdla;Estonia;
Rakvere;Estonia;
Narva;Estonia;
Valga;Estonia;
Hiiumaa;Estonia;
Riga;Latvia;
Daugavpils;Latvia;
Jurmala;Latvia;
Kuld?ga;Latvia;
Liepaja;Latvia;
Madona;Latvia;
Sigulda;Latvia;
Valka;Latvia;
Ventspils;Latvia;
Talsi;Latvia;
Valmiera;Latvia;
Vilnius;Lithuania;
Kaunas;Lithuania;
Klaip?da;Lithuania;
Palanga;Lithuania;
Nida;Lithuania;
Druskininkai;Lithuania;
Šiauliai;Lithuania;
Trakai;Lithuania;
Panev?žys;Lithuania;
Birštonas;Lithuania;
Alytus;Lithuania;
Minsk;Belarus;
Brest;Belarus;
Hrodna;Belarus;
Vitsebsk;Belarus;
Nyasvizh;Belarus;
Mir;Belarus;
Homiel;Belarus;
Polack;Belarus;
Lida;Belarus;
Mahilio?;Belarus;
Nesvizh;Belarus;
Odesa;Ukraine;
Lviv;Ukraine;
Kharkiv;Ukraine;
Donetsk;Ukraine;
Dnipro;Ukraine;
Poltave;Ukraine;
Sevastopol;Ukraine;
Kamyanets-Podilsky;Ukraine;
Dnipropetrovsk;Ukraine;
Uman;Ukraine;
Chi?in?u;Moldova;
B?l?i ;Moldova;
Soroca;Moldova;
Tiraspol ;Moldova;
Ungheni;Moldova;
Warsaw;Poland;
Cracow;Poland;
?ód?;Poland;
Wroc?aw;Poland;
Pozna?;Poland;
Gda?sk;Poland;
Szczecin;Poland;
Lublin;Poland;
Katowice;Poland;
Bratislava;Slovakia;
Banská Bystrica;Slovakia;
Banská Štiavnica;Slovakia;
Košice;Slovakia;
Nitra;Slovakia;
Prešov;Slovakia;
Tren?ín;Slovakia;
Trnava;Slovakia;
Žilina;Slovakia;
Bardejov;Slovakia;
Smokovec Resort Towns;Slovakia;
Poprad;Slovakia;
Tatranská Lomnica;Slovakia;
Levo?a;Slovakia;
Žilina;Slovakia;
Budapest;Hungary;
Pécs;Hungary;
Eger;Hungary;
Szeged;Hungary;
Sopron;Hungary;
Debrecen;Hungary;
Keszthely;Hungary;
Szentendre;Hungary;
Kecskemét;Hungary;
Balatonfüred;Hungary;
Gy?r ;Hungary;
Kecskemét;Hungary;
Miskolc;Hungary;
Nyíregyháza ;Hungary;
Székesfehérvár;Hungary;
Szombathely;Hungary;
Bucharest;Romania;
Bra?ov;Romania;
Cluj-Napoca;Romania;
Constan?a;Romania;
Ia?i;Romania;
Sibiu;Romania;
Sighi?oara;Romania;
Suceava;Romania;
Timi?oara;Romania;
Oradea;Romania;
Craiova;Romania;
Sofia;Bulgaria;
Plovdiv;Bulgaria;
Varna;Bulgaria;
Veliko Târnovo;Bulgaria;
Burgas;Bulgaria;
Ruse;Bulgaria;
Shumen;Bulgaria;
Nesebâr;Bulgaria;
Sozopol;Bulgaria;
Bansko;Bulgaria;
Athens;Greece;
Thessaloniki;Greece;
Hania;Greece;
Rhodes Town;Greece;
Corfu Town;Greece;
Mykonos;Greece;
Rethymno;Greece;
Agios Nikolaos;Greece;
Kos Town;Greece;
Fira;Greece;
Heraklion;Greece;
Patra;Greece;
Volos;Greece;
Tirana;Albania;
Berat;Albania;
Gjirokastër;Albania;
Korce;Albania;
Kruje;Albania;
Pogradec;Albania;
Sarandë;Albania;
Shkodra;Albania;
Vlorë;Albania;
Skopje;Republic of Macedonia;
Ohrid;Republic of Macedonia;
Bitola;Republic of Macedonia;
Kruševo;Republic of Macedonia;
Prilep;Republic of Macedonia;
Struga;Republic of Macedonia;
Štip;Republic of Macedonia;
Kumanovo;Republic of Macedonia;
Tetovo;Republic of Macedonia;
Radoviš;Republic of Macedonia;
Strumica;Republic of Macedonia;
Pristina;Kosovo;
Peja;Kosovo;
Prizren;Kosovo;
Kotor;Montenegro;
Podgorica;Montenegro;
Budva;Montenegro;
Herceg Novi;Montenegro;
Tivat;Montenegro;
Ulcinj;Montenegro;
Bar;Montenegro;
Cetinje;Montenegro;
Petrovac;Montenegro;
Kolašin;Montenegro;
Belgrade;Serbia;
Novi Sad;Serbia;
Subotica;Serbia;
Novi Pazar;Serbia;
Sremski Karlovci;Serbia;
Niš;Serbia;
Split;Croatia;
Dubrovnik;Croatia;
Zagreb;Croatia;
Zadar;Croatia;
Rijeka;Croatia;
Pula;Croatia;
Rovinj;Croatia;
Hvar Town;Croatia;
 Pore?;Croatia;
Varaždin;Croatia;
Sarajevo ;Bosnia and Herzegovina;
Jajce ;Bosnia and Herzegovina;
Banja Luka ;Bosnia and Herzegovina;
Biha? ;Bosnia and Herzegovina;
Fojnica ;Bosnia and Herzegovina;
Mostar ;Bosnia and Herzegovina;
Neum ;Bosnia and Herzegovina;
Tuzla ;Bosnia and Herzegovina;
Teslic ;Bosnia and Herzegovina;
Zenica ;Bosnia and Herzegovina;
Ljubljana;Slovenia;
Bled;Slovenia;
Maribor;Slovenia;
Piran;Slovenia;
Celje;Slovenia;
Koper;Slovenia;
Ptuj;Slovenia;
Bovec;Slovenia;
Radovljica;Slovenia;
Portorož;Slovenia;
Rome;Italy;
Bologna;Italy;
Florence;Italy;
Genoa;Italy;
Milan;Italy;
Naples;Italy;
Pisa;Italy;
Turin;Italy;
Venice;Italy;
Sorrento;Italy;
Vienna ;Austria;
Bregenz;Austria;
Eisenstadt;Austria;
Graz;Austria;
Innsbruck;Austria;
Klagenfurt;Austria;
Linz;Austria;
Salzburg;Austria;
Villach;Austria;
Berlin ;Germany;
Bremen ;Germany;
Cologne ;Germany;
Dresden ;Germany;
Düsseldorf ;Germany;
Hamburg ;Germany;
Munich ;Germany;
Nuremberg;Germany;
Stuttgard;Germany;
Wiesbaden;Germany;
Frankfurt am Main;Germany;
Liechtenstein;Germany;
Dinkelsbühl;Germany;
Quedlingburg;Germany;
Monschau;Germany;
Rothenburg ob der Tauber;Germany;
Freiburg;Germany;
Trier;Germany;
Celle;Germany;
Wismar;Germany;
Görlitz;Germany;
Fulda;Germany;
Meersburg;Germany;
Geneva;Switzerland;
Zürich;Switzerland;
Lucerne;Switzerland;
Basel;Switzerland;
Bern;Switzerland;
Lausanne;Switzerland;
Interlaken;Switzerland;
Fribourg;Switzerland;
Lugano;Switzerland;
Neuchâtel;Switzerland;
Bellinzona;Switzerland;
Chur;Switzerland;
Luxembourg;Luxembourg;
Esch-sur-Alzette;Luxembourg;
Ettelbruck;Luxembourg;
Clervaux;Luxembourg;
Esch-sur-Sure;Luxembourg;
Diekirch;Luxembourg;
Mertert;Luxembourg;
Echternach;Luxembourg;
Grevenmacher;Luxembourg;
Vianden;Luxembourg;
Brussels;Belgium;
Antwerp;Belgium;
Bruges Ghent;Belgium;
Leuven;Belgium;
Lier;Belgium;
Mechelen;Belgium;
Tongeren;Belgium;
Ieper;Belgium;
Binche;Belgium;
Charleroi;Belgium;
Dinant;Belgium;
Liège;Belgium;
Mons;Belgium;
Namur;Belgium;
Spa;Belgium;
Tournai;Belgium;
Verviers;Belgium;
Ardennes;Belgium;
Amsterdam;Netherlands;
Arnhem;Netherlands;
Delft;Netherlands;
Groningen;Netherlands;
The Hague;Netherlands;
Leiden;Netherlands;
Maastricht;Netherlands;
Nijmegen;Netherlands;
Rotterdam;Netherlands;
Utrecht;Netherlands;
Paris;France;
Bordeaux;France;
Bourges;France;
Lille;France;
Lyon;France;
Marseille;France;
Nantes;France;
Strasbourg;France;
Toulouse;France;
Clipperton Island;France;
Madrid;Spain;
Barcelona;Spain;
Bilboa;Spain;
Cadiz;Spain;
Cordoba;Spain;
Granada;Spain;
Seville;Spain;
Valencia;Spain;
Zargoza;Spain;
Almeria;Spain;
Lisbon;Portugal;
Aveiro;Portugal;
Braga;Portugal;
Coimbra;Portugal;
Evora;Portugal;
Funchal;Portugal;
Portorož;Portugal;
Viana do Castelo;Portugal;
Albufeira;Portugal;
Faro;Portugal;
Guimarães ;Portugal;
Fátima;Portugal;
London;United Kingdom;
Belfast;United Kingdom;
Birmingham;United Kingdom;
Bristol;United Kingdom;
Cardiff;United Kingdom;
Edinburgh;United Kingdom;
Glasgow;United Kingdom;
Liverpool;United Kingdom;
Manchester;United Kingdom;
Nottingham;United Kingdom;
Bath;United Kingdom;
Dublin;Ireland;
Cork;Ireland;
Galway;Ireland;
Killarney;Ireland;
Killkenny;Ireland;
Letterkenny;Ireland;
Limerick;Ireland;
Sligo;Ireland;
Waterford;Ireland;
New York;USA;
Chicago;USA;
Charlston;USA;
Las Vegas;USA;
Seattle;USA;
San Francisco;USA;
Washington;USA;
New Orleans;USA;
Palm Springs;USA;
San Diego;USA;
St. Louis;USA;
Sedona;USA;
Miami;USA;
Branson;USA;
Boston;USA;
Savannah;USA;
Orlando;USA;
Portland;USA;
Lahaina;USA;
Saint Augustine;USA;
Nashville;USA;
Los Angeles;USA;
San Antonio;USA;
Denver;USA;
Anchorage;USA;
Hershey;USA;
Mexico City;Mexico;
Acapulco;Mexico;
Cancun;Mexico;
Guadaljara;Mexico;
Mazatlan;Mexico;
Monterrey;Mexico;
San Luis Potosi;Mexico;
Taxco;Mexico;
Tijuana;Mexico;
Puebla;Mexico;
Ciudad Juarez;Mexico;
Merida;Mexico;
Todos Santos;Mexico;
San Miguel de Allende;Mexico;
Huatulco;Mexico;
Playa del Carmen;Mexico;
Guanajuato;Mexico;
Guatemala City;Guatemala;
Antigua Guatemala;Guatemala;
Flores;Guatemala;
Melchor de Mencos;Guatemala;
Panajachel;Guatemala;
Puerto Barrios;Guatemala;
Puerto San José;Guatemala;
Quetzaltenango;Guatemala;
Sayaxché;Guatemala;
Coban;Guatemala;
San Pedro La Laguna;Guatemala;
Chichicastenango;Guatemala;
Huehuetenango;Guatemala;
Lívingston;Guatemala;
Belize City;Belize;
Placencia;Belize;
San Ignacio;Belize;
Dangriga;Belize;
Punta Gorda;Belize;
Corozal Town;Belize;
Belmopan;Belize;
Orange Walk Town;Belize;
Benque Viejo del Carmen;Belize;
San Pedro Columbia;Belize;
Big Creek;Belize;
Crooked Tree;Belize;
San Salvador;El Salvador;
San Miguel;El Salvador;
Santa Ana;El Salvador;
Juayúa;El Salvador;
Ahuachapán;El Salvador;
Apaneca;El Salvador;
Metapán;El Salvador;
Ataco;El Salvador;
La Unión;El Salvador;
San Vicente;El Salvador;
San Miguel;El Salvador;
Acajutla;El Salvador;
La Libertad;El Salvador;
San Francisco Gotera;El Salvador;
Santa Techla;El Salvador;
Suchitoto;El Salvador;
Tegucigalpa;Honduras;
La Ceiba;Honduras;
San Pedro Sula;Honduras;
Tela;Honduras;
Trujillo;Honduras;
Santa Rosa de Copán;Honduras;
Comayagua;Honduras;
Gracias;Honduras;
La Esperanza;Honduras;
Puerto Cortés;Honduras;
El Progreso;Honduras;
Cosmayagua;Honduras;
Omoa;Honduras;
Tela;Honduras;
Managua;Nicaragua;
Chinandega;Nicaragua;
Granada;Nicaragua;
Estelí;Nicaragua;
Jinotega;Nicaragua;
León;Nicaragua;
Juigalpa;Nicaragua;
Ocotal;Nicaragua;
Matagalpa;Nicaragua;
San Carlos;Nicaragua;
El Ostional;Nicaragua;
Bluefields;Nicaragua;
Corinto;Nicaragua;
El Bluff;Nicaragua;
Puerto Cabezas;Nicaragua;
Puerto Sandino;Nicaragua;
Rama;Nicaragua;
San Juan del Sur;Nicaragua;
San Carlos;Nicaragua;
Boca de Sabalos;Nicaragua;
El Castillo;Nicaragua;
Solentiname;Nicaragua;
San Juan Del Norte;Nicaragua;
Masachapa;Nicaragua;
Masaya;Nicaragua;
San José;Costa Rica;
Cartago;Costa Rica;
Dominical;Costa Rica;
Alajuela;Costa Rica;
Heredia;Costa Rica;
Liberia;Costa Rica;
Puerto Limón;Costa Rica;
Puntarenas;Costa Rica;
Quesada;Costa Rica;
Panama City;Panama;
Bocas del Toro Town;Panama;
Boquete;Panama;
Portobelo;Panama;
David;Panama;
Santa Fé;Panama;
Santa Catalina;Panama;
Pedasí;Panama;
Chitré;Panama;
Penonomé;Panama;
Balboa;Panama;
Boca Chica;Panama;
Coronado;Panama;
Cristobal;Panama;
Gamboa;Panama;
Portobelo;Panama;
Santiago;Panama;
Havana;Cuba;
Baracoa;Cuba;
Pinar del Rio;Cuba;
Santa Clara;Cuba;
Santiago de Cuba;Cuba;
Trinidad;Cuba;
Varadero;Cuba;
Cayo Largo;Cuba;
Maria la Gorda;Cuba;
Port-Au-Prince;Haiti;
Jacmel;Haiti;
Les Cayes;Haiti;
Kenscoff;Haiti;
Cap-Haïtien ;Haiti;
Gonaïves ;Haiti;
Île à Vache;Haiti;
Les Cayes;Haiti;
Petionville;Haiti;
Port-de-Paix;Haiti;
Port-Salut;Haiti;
Aquin;Haiti;
Santo Domingo;Dominican Republic;
Puerto Plata;Dominican Republic;
Cabarete;Dominican Republic;
Las Terrenas;Dominican Republic;
Santiago;Dominican Republic;
La Romana;Dominican Republic;
Samaná;Dominican Republic;
Sosúa;Dominican Republic;
Las Galeras;Dominican Republic;
Jarabacoa;Dominican Republic;
Higüey;Dominican Republic;
San Pedro de Macoris;Dominican Republic;
Juan Dolio;Dominican Republic;
Puerto Plata;Dominican Republic;
Santa Barbara De Samana;Dominican Republic;
Rio San Juan;Dominican Republic;
La Romana;Dominican Republic;
Parrot Cay;Turks and Caicos Islands;
West Caicos;Turks and Caicos Islands;
Cockburn Town;Turks and Caicos Islands;
Balfour Town;Turks and Caicos Islands;
Nassau;The Bahamas;
Freeport;The Bahamas;
Matthew Town;The Bahamas;
Alice Town;The Bahamas;
Marsh Harbour;The Bahamas;
Governor's Harvour;The Bahamas;
McLean's Town;The Bahamas;
Cali;Colombia;
Pereira;Colombia;
Bogotá;Colombia;
Bucaramanga;Colombia;
Barranquilla;Colombia;
Cartagena;Colombia;
Medellín;Colombia;
Neiva;Colombia;
Santa Marta;Colombia;
Manizales;Colombia;
Popayán;Colombia;
Carupano;Venezuela;
Coro;Venezuela;
Ciudad Bolivar;Venezuela;
Ciudad Guayana;Venezuela;
Maracaibo;Venezuela;
Maracay;Venezuela;
Mérida;Venezuela;
Puerto La Cruz;Venezuela;
San Cristóbal;Venezuela;
Valencia;Venezuela;
Valle de la Pascua;Venezuela;
Barquisimeto;Venezuela;
Port-of-Spain;Trinidad and Tobago;
San Fernando;Trinidad and Tobago;
Scarborough;Trinidad and Tobago;
Chaguanas;Trinidad and Tobago;
Toco;Trinidad and Tobago;
Princes Town;Trinidad and Tobago;
St. James;Trinidad and Tobago;
Guayaquil;Ecuador;
Cuenca;Ecuador;
Puerto Ayora;Ecuador;
Otavalo;Ecuador;
Loja;Ecuador;
Riobamba;Ecuador;
Puerto Baquerizo;Ecuador;
Manta;Ecuador;
Baños;Ecuador;
Bartica;Guyana;
Linden;Guyana;
New Amsterdam;Guyana;
Parika;Guyana;
The Rupununi Savannah;Guyana;
Iwokrama;Guyana;
Paramaribo;Suriname;
Albina;Suriname;
Brownsweg;Suriname;
Lelydorp;Suriname;
Moengo;Suriname;
Nieuw Amsterdam;Suriname;
Nieuw Nickerie;Suriname;
Paranam;Suriname;
Wageningen;Suriname;
Cayenne;French Guiana;
Kourou;French Guiana;
Saint-Laurent;French Guiana;
Saint-Georges;French Guiana;
Lima;Peru;
Arequipa;Peru;
Ayacucho;Peru;
Cajamarca;Peru;
Chiclayo;Peru;
Cuzco;Peru;
Iquitos;Peru;
Puno;Peru;
Trujillo;Peru;
Brasilia;Brazil;
Florianopolis;Brazil;
Fortalenza;Brazil;
Manaus;Brazil;
Porto Alegre;Brazil;
Recife;Brazil;
Sucre;Bolivia;
Rurrenbaque;Bolivia;
Cochabamba;Bolivia;
Oruro;Bolivia;
Potosi;Bolivia;
Santa Cruz;Bolivia;
Tarija;Bolivia;
Tupiza;Bolivia;
Asunción;Paraguay;
Ciudad del Este;Paraguay;
Encarnación;Paraguay;
Filadelfia;Paraguay;
Concepción;Paraguay;
Villeta;Paraguay;
Pilar;Paraguay;
Aregua;Paraguay;
Villarrica;Paraguay;
Montevideo;Uruguay;
Chuy;Uruguay;
Colonia (Colonia del Sacramento);Uruguay;
Durazno;Uruguay;
La Paloma;Uruguay;
Paysandu;Uruguay;
Piriapolis;Uruguay;
Punta del Este;Uruguay;
Salto;Uruguay;
Carmelo;Uruguay;
Mercedes;Uruguay;
Tacuarembo;Uruguay;
Priapolis;Uruguay;
Ushuaia;Argentina;
La Plata;Argentina;
Rosario;Argentina;
Salta;Argentina;
San Carlos de Bariloche;Argentina;
San Juan;Argentina;
San Miguel de Tucuman;Argentina;
Santiago;Chile;
Concepción;Chile;
Iquique;Chile;
La Serena;Chile;
Valparaíso;Chile;
Vina del Mar;Chile;
Valdivia;Chile;
Punta Arenas;Chile;
El Colorado;Chile;
Portillo;Chile;
Torres del Paine;Chile;
Pichilemu;Chile;
